snapshot_utc,opportunity_id,family,side,outcome,polymarket_id,kalshi_ticker,budget_usd,polymarket_all_in_price,kalshi_all_in_price,polymarket_fee_usd,kalshi_fee_usd,polymarket_shares,kalshi_shares,cheaper_venue,advantage_pct,reviewed_at,voxodds_url
2026-10-06T12:02:23.365761+00:00,vx-09adfcf7e79f89,republican_nominee_2028,Yes,Sarah Huckabee Sanders wins and accepts the 2028 Republican presidential nomination,561982,KXPRESNOMR-28-SHS,100.0,0.00104,0.007487,3.84245548,6.501,96157.54452094,13357.0,polymarket,86.11,2026-08-01,https://voxodds.com/opportunities/vx-09adfcf7e79f89?amount_usd=100
2026-10-06T12:02:23.365761+00:00,vx-82db1dc49c2e5f,f1_2026_champion,Yes,Charles Leclerc is the 2026 Formula 1 Drivers' Champion,898415,KXF1-26-CL,100.0,0.00206,0.010694,2.90696545,6.49,48546.51727285,9351.0,polymarket,80.74,2026-08-02,https://voxodds.com/opportunities/vx-82db1dc49c2e5f?amount_usd=100
2026-10-06T12:02:23.365761+00:00,vx-1b03601bc01f9c,democratic_nominee_2028,Yes,Jon Stewart wins and accepts the 2028 Democratic presidential nomination,559675,KXPRESNOMD-28-JSTE,100.0,0.01456,0.005348,3.79431927,6.515,6867.93271505,18697.0,kalshi,63.27,2026-08-02,https://voxodds.com/opportunities/vx-1b03601bc01f9c?amount_usd=100
2026-10-06T12:02:23.365761+00:00,vx-78f8494099d322,republican_nominee_2028,Yes,John Thune wins and accepts the 2028 Republican presidential nomination,561993,KXPRESNOMR-28-JT,100.0,0.00104,0.00214,3.84245548,6.53,96157.54452094,46735.0,polymarket,51.4,2026-08-01,https://voxodds.com/opportunities/vx-78f8494099d322?amount_usd=100
2026-10-06T12:02:23.365761+00:00,vx-acecaa97249dea,f1_2026_champion,Yes,Lewis Hamilton is the 2026 Formula 1 Drivers' Champion,898416,KXF1-26-LH,100.0,0.011445,0.021372,2.87978811,6.42,8737.62945966,4679.0,polymarket,46.45,2026-08-01,https://voxodds.com/opportunities/vx-acecaa97249dea?amount_usd=100
2026-10-06T12:02:23.365761+00:00,vx-4d89861077055b,f1_2026_champion,Yes,Lando Norris is the 2026 Formula 1 Drivers' Champion,898409,KXF1-26-LN,100.0,0.006013,0.010694,2.89577522,6.49,16631.11809788,9351.0,polymarket,43.77,2026-08-02,https://voxodds.com/opportunities/vx-4d89861077055b?amount_usd=100
2026-10-06T12:02:23.365761+00:00,vx-fa6c3c0f7c3f1f,democratic_nominee_2028,Yes,Andy Beshear wins and accepts the 2028 Democratic presidential nomination,559660,KXPRESNOMD-28-AB,100.0,0.036329,0.063133,3.71661819,6.199,2752.62719449,1583.0,polymarket,42.46,2026-08-01,https://voxodds.com/opportunities/vx-fa6c3c0f7c3f1f?amount_usd=100
2026-10-06T12:02:23.365761+00:00,vx-e6c2e0cdb79220,democratic_nominee_2028,Yes,Mark Kelly wins and accepts the 2028 Democratic presidential nomination,559668,KXPRESNOMD-28-MK,100.0,0.027415,0.045537,3.74843419,6.291,3647.60947455,2196.0,polymarket,39.8,2026-08-01,https://voxodds.com/opportunities/vx-e6c2e0cdb79220?amount_usd=100
2026-10-06T12:02:23.365761+00:00,vx-9f8f84122e5e86,democratic_nominee_2028,Yes,J.B. Pritzker wins and accepts the 2028 Democratic presidential nomination,559663,KXPRESNOMD-28-JBP,100.0,0.014549,0.023858,3.79435978,6.421,6873.11358685,4191.0,polymarket,39.02,2026-08-02,https://voxodds.com/opportunities/vx-9f8f84122e5e86?amount_usd=100
2026-10-06T12:02:23.365761+00:00,vx-c5e0761288a5c2,republican_nominee_2028,Yes,Ron DeSantis wins and accepts the 2028 Republican presidential nomination,561979,KXPRESNOMR-28-RDS,100.0,0.028916,0.045883,3.74308907,6.284,3458.26181891,2179.0,polymarket,36.98,2026-08-01,https://voxodds.com/opportunities/vx-c5e0761288a5c2?amount_usd=100
2026-10-06T12:02:23.365761+00:00,vx-cbe8fafea5ba30,republican_nominee_2028,Yes,Tulsi Gabbard wins and accepts the 2028 Republican presidential nomination,561976,KXPRESNOMR-28-TG,100.0,0.005199,0.003485,3.82765917,6.536,19234.46816696,28694.0,kalshi,32.97,2026-08-01,https://voxodds.com/opportunities/vx-cbe8fafea5ba30?amount_usd=100
2026-10-06T12:02:23.365761+00:00,vx-e8e446c844618b,democratic_nominee_2028,Yes,Josh Shapiro wins and accepts the 2028 Democratic presidential nomination,559655,KXPRESNOMD-28-JS,100.0,0.072577,0.050135,3.5866738,6.252,1377.84080289,1994.0,kalshi,30.92,2026-08-01,https://voxodds.com/opportunities/vx-e8e446c844618b?amount_usd=100
2026-10-06T12:02:23.365761+00:00,vx-cf0ce85ccfcb5c,democratic_nominee_2028,Yes,Alexandria Ocasio-Cortez wins and accepts the 2028 Democratic presidential nomination,559653,KXPRESNOMD-28-AOC,100.0,0.185904,0.14844,3.17583269,5.68,537.91204062,673.0,kalshi,20.15,2026-08-01,https://voxodds.com/opportunities/vx-cf0ce85ccfcb5c?amount_usd=100
2026-10-06T12:02:23.365761+00:00,vx-952fecb30893bf,republican_nominee_2028,Yes,Tom Cotton wins and accepts the 2028 Republican presidential nomination,562013,KXPRESNOMR-28-TCOT,100.0,0.005199,0.004279,3.82765917,6.52,19234.46816696,23370.0,kalshi,17.7,2026-08-01,https://voxodds.com/opportunities/vx-952fecb30893bf?amount_usd=100
2026-10-06T12:02:23.365761+00:00,vx-3c7d2a21183ffb,republican_nominee_2028,Yes,Marco Rubio wins and accepts the 2028 Republican presidential nomination,561975,KXPRESNOMR-28-MR,100.0,0.158184,0.190343,3.27697605,5.43,632.17662712,525.0,polymarket,16.9,2026-08-01,https://voxodds.com/opportunities/vx-3c7d2a21183ffb?amount_usd=100
2026-10-06T12:02:23.365761+00:00,vx-5d7ff38fb31f0d,democratic_nominee_2028,Yes,Kamala Harris wins and accepts the 2028 Democratic presidential nomination,559658,KXPRESNOMD-28-KH,100.0,0.077706,0.091511,3.5682307,6.018,1286.90665727,1092.0,polymarket,15.09,2026-08-01,https://voxodds.com/opportunities/vx-5d7ff38fb31f0d?amount_usd=100
2026-10-06T12:02:23.365761+00:00,vx-523d2f7876b57c,democratic_nominee_2028,Yes,Jon Ossoff wins and accepts the 2028 Democratic presidential nomination,559661,KXPRESNOMD-28-JOSS,100.0,0.155392,0.179892,3.28713258,5.49,643.53289684,555.0,polymarket,13.62,2026-08-01,https://voxodds.com/opportunities/vx-523d2f7876b57c?amount_usd=100
2026-10-06T12:02:23.365761+00:00,vx-cd2dd81e6d1f72,republican_nominee_2028,No,J.D. Vance wins and accepts the 2028 Republican presidential nomination,561974,KXPRESNOMR-28-JDV,100.0,0.508,0.587176,1.96847306,2.92,196.8504557,170.0,polymarket,13.48,2026-08-01,https://voxodds.com/opportunities/vx-cd2dd81e6d1f72?amount_usd=100
2026-10-06T12:02:23.365761+00:00,vx-85643f8a23d1f1,republican_nominee_2028,Yes,J.D. Vance wins and accepts the 2028 Republican presidential nomination,561974,KXPRESNOMR-28-JDV,100.0,0.513,0.457294,1.94924893,3.77,194.93191067,218.0,kalshi,10.86,2026-08-01,https://voxodds.com/opportunities/vx-85643f8a23d1f1?amount_usd=100
2026-10-06T12:02:23.365761+00:00,vx-10f6591c7c302d,democratic_nominee_2028,Yes,Gavin Newsom wins and accepts the 2028 Democratic presidential nomination,559652,KXPRESNOMD-28-GN,100.0,0.165376,0.14844,3.25077399,5.68,604.68266254,673.0,kalshi,10.24,2026-08-01,https://voxodds.com/opportunities/vx-10f6591c7c302d?amount_usd=100
2026-10-06T12:02:23.365761+00:00,vx-9e2b33881a84a2,republican_nominee_2028,Yes,Elise Stefanik wins and accepts the 2028 Republican presidential nomination,561987,KXPRESNOMR-28-ES,100.0,0.00208,0.002306,3.83875683,6.532,48080.62158628,43363.0,polymarket,9.8,2026-08-01,https://voxodds.com/opportunities/vx-9e2b33881a84a2?amount_usd=100
2026-10-06T12:02:23.365761+00:00,vx-21f3703e43448c,democratic_nominee_2028,Yes,Wes Moore wins and accepts the 2028 Democratic presidential nomination,559656,KXPRESNOMD-28-WM,100.0,0.021822,0.024036,3.76842835,6.416,4582.45579305,4160.0,polymarket,9.21,2026-08-02,https://voxodds.com/opportunities/vx-21f3703e43448c?amount_usd=100
2026-10-06T12:02:23.365761+00:00,vx-1850d0f777e0ab,democratic_nominee_2028,No,Alexandria Ocasio-Cortez wins and accepts the 2028 Democratic presidential nomination,559653,KXPRESNOMD-28-AOC,100.0,0.826878,0.877965,0.71090989,0.9,120.93677237,113.0,polymarket,5.82,2026-08-01,https://voxodds.com/opportunities/vx-1850d0f777e0ab?amount_usd=100
2026-10-06T12:02:23.365761+00:00,vx-d3694379bf8691,democratic_nominee_2028,No,Gavin Newsom wins and accepts the 2028 Democratic presidential nomination,559652,KXPRESNOMD-28-GN,100.0,0.851211,0.877965,0.61222867,0.9,117.47963514,113.0,polymarket,3.05,2026-08-01,https://voxodds.com/opportunities/vx-d3694379bf8691?amount_usd=100
2026-10-06T12:02:23.365761+00:00,vx-b8b2744e369e43,democratic_nominee_2028,Yes,Pete Buttigieg wins and accepts the 2028 Democratic presidential nomination,559654,KXPRESNOMD-28-PB,100.0,0.052936,0.054391,3.65717369,6.232,1889.07502575,1838.0,polymarket,2.68,2026-08-01,https://voxodds.com/opportunities/vx-b8b2744e369e43?amount_usd=100
2026-10-06T12:02:23.365761+00:00,vx-0b0a9cb82bab17,democratic_nominee_2028,No,Andy Beshear wins and accepts the 2028 Democratic presidential nomination,559660,KXPRESNOMD-28-AB,100.0,0.972126,0.950571,0.1158656,0.375,102.86728569,105.0,kalshi,2.22,2026-08-01,https://voxodds.com/opportunities/vx-0b0a9cb82bab17?amount_usd=100
2026-10-06T12:02:23.365761+00:00,vx-8278a41541bbfa,democratic_nominee_2028,No,Josh Shapiro wins and accepts the 2028 Democratic presidential nomination,559655,KXPRESNOMD-28-JS,100.0,0.939429,0.957115,0.25108394,0.324,106.44758641,104.0,polymarket,1.85,2026-08-01,https://voxodds.com/opportunities/vx-8278a41541bbfa?amount_usd=100
2026-10-06T12:02:23.365761+00:00,vx-705726a4e58584,democratic_nominee_2028,No,Mark Kelly wins and accepts the 2028 Democratic presidential nomination,559668,KXPRESNOMD-28-MK,100.0,0.975975,0.961845,0.0999001,0.293,102.46164092,103.0,kalshi,1.45,2026-08-01,https://voxodds.com/opportunities/vx-705726a4e58584?amount_usd=100
2026-10-06T12:02:23.365761+00:00,vx-d32baec9e0c5df,republican_nominee_2028,No,Ron DeSantis wins and accepts the 2028 Republican presidential nomination,561979,KXPRESNOMR-28-RDS,100.0,0.975013,0.962718,0.10389195,0.28,102.56273927,103.0,kalshi,1.26,2026-08-01,https://voxodds.com/opportunities/vx-d32baec9e0c5df?amount_usd=100
2026-10-06T12:02:23.365761+00:00,vx-1c720b871d8678,democratic_nominee_2028,No,Kamala Harris wins and accepts the 2028 Democratic presidential nomination,559658,KXPRESNOMD-28-KH,100.0,0.934535,0.925741,0.27126217,0.558,107.00508351,108.0,kalshi,0.94,2026-08-01,https://voxodds.com/opportunities/vx-1c720b871d8678?amount_usd=100
2026-10-06T12:02:23.365761+00:00,vx-42e1e2a905f932,democratic_nominee_2028,No,Jon Ossoff wins and accepts the 2028 Democratic presidential nomination,559661,KXPRESNOMD-28-JOSS,100.0,0.856072,0.849487,0.59246889,1.11,116.81261001,117.0,kalshi,0.77,2026-08-01,https://voxodds.com/opportunities/vx-42e1e2a905f932?amount_usd=100
2026-10-06T12:02:23.365761+00:00,vx-70ff0779a54e9b,democratic_nominee_2028,No,Jon Stewart wins and accepts the 2028 Democratic presidential nomination,559675,KXPRESNOMD-28-JSTE,100.0,0.99023,0.9973,0.04067326,0.03,100.98662297,100.0,polymarket,0.71,2026-08-02,https://voxodds.com/opportunities/vx-70ff0779a54e9b?amount_usd=100
2026-10-06T12:02:23.365761+00:00,vx-db808448564932,republican_nominee_2028,No,Marco Rubio wins and accepts the 2028 Republican presidential nomination,561975,KXPRESNOMR-28-MR,100.0,0.853156,0.847373,0.6043257,1.13,117.21188007,118.0,kalshi,0.68,2026-08-01,https://voxodds.com/opportunities/vx-db808448564932?amount_usd=100
2026-10-06T12:02:23.365761+00:00,vx-38d120b8d49d0e,republican_nominee_2028,No,Tulsi Gabbard wins and accepts the 2028 Republican presidential nomination,561976,KXPRESNOMR-28-TG,100.0,0.996159,0.9982,0.01599744,0.02,100.38554474,100.0,polymarket,0.2,2026-08-01,https://voxodds.com/opportunities/vx-38d120b8d49d0e?amount_usd=100
2026-10-06T12:02:23.365761+00:00,vx-6c3ee91d11dfbf,democratic_nominee_2028,No,Pete Buttigieg wins and accepts the 2028 Democratic presidential nomination,559654,KXPRESNOMD-28-PB,100.0,0.9519,0.953365,0.1996008,0.35,105.05305179,104.0,polymarket,0.15,2026-08-01,https://voxodds.com/opportunities/vx-6c3ee91d11dfbf?amount_usd=100
2026-10-06T12:02:23.365761+00:00,vx-5a6b3f8c00a534,republican_nominee_2028,No,Tom Cotton wins and accepts the 2028 Republican presidential nomination,562013,KXPRESNOMR-28-TCOT,100.0,0.996159,0.9973,0.01599744,0.03,100.38554474,100.0,polymarket,0.11,2026-08-01,https://voxodds.com/opportunities/vx-5a6b3f8c00a534?amount_usd=100
2026-10-06T12:02:23.365761+00:00,vx-a7d478f2bd9527,republican_nominee_2028,No,Elise Stefanik wins and accepts the 2028 Republican presidential nomination,561987,KXPRESNOMR-28-ES,100.0,0.99904,0.9991,0.00399984,0.01,100.09609626,100.0,polymarket,0.01,2026-08-01,https://voxodds.com/opportunities/vx-a7d478f2bd9527?amount_usd=100
